"id","requirement","preparation","assignment","verification","origin"
"B01","Use SQLite persistence with directly written CREATE, INSERT and SELECT queries; data survives application and container replacement.","P05;P06;P12","F01","Inspect SQL and reproduce restart persistence.","Source requirement"
"B02","Submit an ERD, relational schema, data dictionary, key constraints and deletion policy.","P04;P05","F01","Peer maps every stored feature to a reviewed relation.","Academy: promoted from source recommendation"
"B03","Registration requires email, username and password; normalize under P09 policy; reject duplicate normalized email and username with 409 and invalid fields with 422.","P09","F01","Race duplicate registration: one member and one conflict.","Source requirement"
"B04","Hash every password with the prepared versioned scrypt record or a preapproved equivalent; never store or log plaintext credentials.","P09","F01","Inspect DB/logs and verify correct and incorrect credentials.","Academy: source bonus promoted to baseline"
"B05","Login verifies credentials, issues an opaque cookie session, permits only one active session per member, enforces an 8-hour server expiry and supports POST logout.","P10","F01","Second browser login revokes first; copied expired/revoked tokens fail.","Source requirement"
"B06","Only authenticated members may create posts and comments; guests may read public posts and comments. Author identity comes from the session.","P06;P10","F01","Direct guest writes fail without persisted changes.","Source requirement"
"B07","A post has a nonblank 1–120-code-point title, 1–5000-code-point body and 1–5 distinct existing categories; comment body is 1–5000. Creation and category linkage are atomic.","P03;P06","F01","An invalid final category produces no partial post.","Source categories plus academy field bounds"
"B08","Authenticated members may like or dislike both posts and comments. One current reaction per member-target; repeat set is idempotent, opposite set switches, clear removes.","P07;P10","F01","All nine state transitions and both target types pass.","Source requirement"
"B09","Every visitor sees correct like and dislike counts, including zeros. Multiple categories/comments must not multiply counts.","P07;P08","F01","Two-category, three-comment fixture has exact hand-calculated counts.","Source requirement"
"B10","Filter posts by category, the logged-in member’s created posts, and the logged-in member’s currently liked posts. Combined filters use AND; private filters require login.","P08;P10","F01","Guest mine/liked requests fail; client-supplied member ID is ignored.","Source requirement"
"B11","Use native HTML and server rendering without React, Angular, Vue or other frontend frameworks. Provide labelled forms, usable empty/error pages and safe escaped text.","P03","F01","Keyboard workflow and hostile-text fixture pass.","Source requirement"
"B12","Handle method/path/input/domain/server/storage errors with the prepared status policy; never expose SQL, stack traces, passwords or private paths.","P02;P11","F01","Malformed requests and injected faults leave the server usable.","Source requirement"
"B13","Use Docker with locked dependencies, supported platform documentation, a non-root application process and persistent database directory.","P01;P12","F01","A teammate builds and replaces the container from the README.","Source requirement"
"B14","Protect unsafe forms with CSRF and route authorization; private responses use an explicit cache policy. Maintain isolated unit and integration checks.","P10;P11","F01","Forged form, forged member ID and failed transaction cause no write.","Academy baseline safety and verification"
"B15","Document modular contracts, configuration, seed data, backup/restore and each team member’s reviewed contribution.","P01;P11;P12","F01","Every member can change and explain a component they did not originally author.","Academy assessment policy"
"A01","Support both Google and GitHub for first-time registration and returning-user login. Local credential login remains usable.","P15","F02","Live demo with each provider plus local login.","Source requirement"
"A02","Use authorization-code flow with browser-bound, five-minute, single-use state and S256 PKCE; exact callback URIs and provider errors are handled.","P14","F02","Replay, cross-browser state, expired attempt and wrong verifier all fail.","Academy security detail"
"A03","Verify Google OIDC signature, issuer, audience, expiry, algorithm policy and nonce through maintained verification code and trusted discovery/JWKS.","P15","F02","Synthetic wrong-claim tests create no account/session.","Academy identity verification detail"
"A04","Fetch authenticated GitHub identity server-side; key it by stable provider user ID and handle private/missing verified email through explicit onboarding.","P13;P15","F02","Renamed login retains account; missing email does not invent identity.","Academy identity resolution detail"
"A05","Persist unique provider+subject to member mappings; repeated/concurrent login does not duplicate accounts. Matching email alone never links an existing member.","P09;P15","F02","Email collision cannot take over a local account.","Academy identity integrity detail"
"A06","If offering provider linking, require current account proof, recent reauthentication and a browser-bound link intent; reject a provider identity linked elsewhere.","P15","F02","Cross-account link conflict leaves original mapping intact.","Academy required safe linking workflow"
"A07","Keep secrets/tokens server-side, bound outbound calls and sanitize errors; do not use provider tokens as forum session cookies.","P13;P15","F02","Timeout/oversize scenarios fail safely; secret-marker scan is clean.","Academy operations detail"
"A08","Issue the existing forum session after identity resolution, enforce old-session invalidation and preserve all F01 guards and tests.","P10;P15","F02","SSO login in browser B revokes browser A; base regression passes.","Source requirement"
"I01","Registered users can create a post with text and one image; text-only posting still works and guests cannot upload.","P16;P17","F03","Member uploads and guest rejection leave correct rows/files.","Source requirement"
"I02","Posts display their image to permitted readers, including guests when the parent post is public.","P17","F03","Public post detail renders the verified image after restart.","Source requirement"
"I03","Support at least JPEG, PNG and GIF, including accepted animated GIFs; decode actual content rather than trusting extension or MIME.","P17","F03","All formats pass; renamed text and corrupt images fail.","Source requirement"
"I04","Enforce 20,000,000 bytes per file; reject 20,000,001 with 413 and an image-too-big message. Whole request is at most 21,000,000 bytes; at most 8 fields, 1 file and 9 parts; each field at most 16 KiB. Native form repeats category up to five times.","P16","F03","Byte-boundary and chunked-upload tests pass.","Source 20 mb made precise by academy decimal-MB policy"
"I05","Enforce P17 width, height, frame and total-pixel budgets with bounded decoding; oversized/corrupt content returns 422.","P17","F03","Dimension and animation boundary tests pass.","Academy interpretation of source dimension caution"
"I06","Use generated private storage keys, safe verified serving headers, cleanup on every failure and reconciliation of crash leftovers; persist asset directories in Docker.","P12;P16;P17","F03","Aborted upload and failed post linkage leave no public orphan.","Academy storage lifecycle detail"
"I07","Require session, origin and CSRF checks, preserve F01 atomic category creation, errors and tests; apply parent visibility if moderation is installed.","P10;P16;P17","F03","Forged upload fails; guessed pending asset is denied in integrated mode.","Academy integration detail"
"S01","Serve HTTPS with a certificate and private key; development trust is explicit and deployed trust uses a valid CA-issued hostname certificate with renewal documentation.","P18","F04","Verified HTTPS request and wrong-hostname failure.","Source requirement"
"S02","Document certificate authority, hostname/SAN verification, TLS protocol floor and negotiated cipher concepts; use reviewed runtime defaults and minimum TLSv1.2.","P18","F04","Inspect certificate and protocol without globally bypassing verification.","Source cipher recommendation made an academy explanation task"
"S03","Enforce login identifier/IP and authenticated-write rate policies from P19; return 429 with Retry-After and bound costly concurrent work and limiter key storage.","P19","F04","Budget, boundary, spoofed-header and work-count tests pass.","Source requirement"
"S04","Retain measured versioned password hashing and unique salted records; passwords are hashed, not reversibly encrypted.","P09;P19;P20","F04","Correct/incorrect verification and plaintext/log scans pass.","Source requirement"
"S05","Keep session state server-side with unique random opaque cookies, digests, one active session, idle/absolute expiration, logout revocation and privilege-change rotation.","P10;P20","F04","Fixation, forged/revoked token and simultaneous-login tests pass.","Source requirement"
"S06","Protect unsafe routes with session/CSRF/origin rules, escape rendered text, bind SQL values and deploy reviewed safe headers/private cache policy.","P03;P06;P10;P20","F04","Forged form and hostile-content tests produce no unauthorized mutation.","Academy defense detail"
"S07","Handle security/technical failures without exposing secrets and test pressure against a disposable instance; keep keys out of source/image layers.","P11;P18;P20","F04","Injected faults and log scans pass; image excludes private keys.","Source requirement"
"S08","Retain the F01 suite and, for installed optional features, re-run their callback/upload/visibility guards under HTTPS and rate limits.","P11;P20","F04","Every installed workflow passes hardened-mode regression.","Academy integrated regression detail"
"M01","Implement four access types: guests read published content; users create/comment/react; moderators review/delete/report posts; admins administer roles, reports, posts/comments and categories.","P22","F05","Complete matrix tested through direct requests.","Source requirement"
"M02","Hold new posts pending until authorized approval; publish or reject through auditable transitions; authors see their own pending status and moderators cannot self-approve.","P23","F05","Pending content is public only after approved transition.","Source requirement"
"M03","Moderators can delete existing posts and report posts to administrators with a stored reason.","P22;P23","F05","Delete and report routes enforce moderator role.","Source requirement"
"M04","Users can request moderator status; admin can approve/reject the request and promote or demote users to/from moderator.","P23","F05","Role request and audited decision persist.","Source requirement"
"M05","Admins receive reports, respond to them and resolve them; reporter can read the persisted response.","P23","F05","Report→admin inbox→response→resolution demonstrated.","Source requirement"
"M06","Admins can delete both posts and comments. Deleted content is excluded from public views.","P22;P23","F05","Direct comment deletion by admin succeeds; ordinary member denied.","Source requirement"
"M07","Admins can create and delete categories; an attached category deletion returns 409 under the prepared retention policy.","P06;P23","F05","Unused category deleted; attached category remains intact.","Source requirement"
"M08","Bootstrap admin through the operator procedure; public registration cannot assign privileged roles; protect the final admin.","P22","F05","Role spoof and final-admin race fail safely.","Academy privilege lifecycle detail"
"M09","Read current roles on every action, apply demotion immediately, guard all detail/feed/filter/count routes and installed image assets against pending/deleted leakage.","P22;P23","F05","Old demoted cookie and guessed restricted IDs fail.","Academy complete visibility detail"
"M10","Enforce expected-state/version transitions atomically with actor/reason/time audit; conflicting reviews return 409; retain F01 and installed-feature checks.","P11;P23","F05","Simultaneous approve/reject has one winner and one conflict.","Academy workflow integrity detail"
"V01","Notify post owners when other members comment or change a post reaction to like/dislike; do not notify self-actions or unchanged repeated reactions.","P07;P25","F06","One correct recipient notification per meaningful change.","Source requirement"
"V02","Persist notification intent with the domain change, deliver idempotently and authorize recipient-only reads/read-marking.","P25","F06","Rollback creates no event; dispatcher replay creates no duplicate.","Academy event integrity detail"
"V03","Provide durable offline notification inbox with read/unread state; normal refresh is the required transport and optional real-time delivery must have separate completed prep.","P25","F06","Offline recipient sees committed notifications on next visit.","Academy delivery contract; source does not mandate a push protocol"
"V04","Activity page shows the logged-in user’s authored posts and where they currently liked/disliked posts or comments.","P08;P26","F06","Cleared/switched reactions move to correct current sections.","Source requirement"
"V05","Activity page shows where and what the user commented, including comment text plus parent post context and a permitted link or neutral tombstone.","P24;P26","F06","Comment fixture includes both content and parent context.","Source requirement"
"V06","Provide owner-only edit/remove sections for both posts and comments, with server ownership checks and CSRF protection.","P10;P24","F06","Nonowner spoof fails; owner edits/removes both content types.","Source requirement"
"V07","Reject stale edits with 409 using expected versions; soft deletion applies the prepared child, reaction, asset and notification visibility policy.","P24","F06","Two editors cannot silently overwrite; deleted parents do not leak.","Academy concurrency/lifecycle detail"
"V08","If moderation is installed, editing published content requeues it for review and withdraws public/asset visibility until approved; privileged overrides follow its matrix.","P22;P23;P24","F06","Moderated edit becomes pending; no public leak.","Conditional integration requirement"
"V09","Use session-derived activity ownership, stable bounded pagination, correct SQL and justified indexes; retain all installed-feature tests.","P11;P26","F06","Actor spoof fails; exact rows unchanged by index optimization.","Academy privacy/query detail"
"S09-BONUS","Optional genuine live-database encryption and key recovery; ordinary SQLite plus PRAGMA key is insufficient.","P21","F04","Right-key/incorrect-key/ordinary-reader, export parity, rotation and encrypted restore checks.","Source optional database-encryption bonus"
